{"cameraMode":{"drawMode":0,"name":"Shaded","section":"Shading Mode"},"sceneLighting":true,"audioPlay":false,"sceneViewState":{"m_AlwaysRefresh":false,"showFog":true,"showSkybox":true,"showFlares":true,"showImageEffects":true,"showParticleSystems":true,"showVisualEffectGraphs":true,"m_FxEnabled":true},"in2DMode":false,"pivot":{"x":-10.713035583496094,"y":-5.0121893882751469,"z":-11.301825523376465},"rotation":{"x":-0.07026226073503494,"y":0.9072681069374085,"z":-0.16819919645786286,"w":-0.37899553775787356},"size":9.064957618713379,"orthographic":false}