{"cameraMode":{"drawMode":0,"name":"Shaded","section":"Shading Mode"},"sceneLighting":false,"audioPlay":false,"sceneViewState":{"m_AlwaysRefresh":false,"showFog":false,"showSkybox":false,"showFlares":false,"showImageEffects":false,"showParticleSystems":false,"showVisualEffectGraphs":true,"m_FxEnabled":true},"in2DMode":false,"pivot":{"x":1.7881393432617188e-7,"y":0.8783925771713257,"z":0.0058897435665130619},"rotation":{"x":-0.07026226073503494,"y":0.9072681069374085,"z":-0.16819919645786286,"w":-0.37899553775787356},"size":1.3227654695510865,"orthographic":false}